Numero do Projeto;Coluna1
BL130105;
BL130106;
BL130159;
BL140060;
BL140074;
BL140125;
BL160067;
BL170018;
BL170033;
BL170040;
BL170046;
BL170047;
BL170060;
BL170071;
BL170077;
BL180012;
BL180019;
BL180037;
BL180041;
BL180043;
BL180047;
BL180048;
CSR00004;
CSR00006;
CSR00007;
CSR00010;
CSR00012;
CSR00013;
CSR00016;
CSR00017;
CSR00021;
CSR00023;
CSR00029;
CSR00030;
CSR00033;
CSR00034;
CSR00037;
CSR00051;
CSR00053;parou aqui
CSR00066;
CSR00077;
CSR00080;
CSR00081;
CSR00092;
CSR00094;
CSR00102;
CSR00106;
CSR00108;
CSR00112;
CSR00118;
CSR00119;
CSR00127;
CSR00134;
CSR00136;
CSR00137;
CSR00151;
CSR00159;
CSR00161;
CSR00162;
CSR00164;
CSR00165;
CSR00167;
CSR00174;
CSR00179;
CSR00182;
CSR00183;
CSR00184;
CSR00185;
CSR00189;
CSR00190;
CSR00197;
CSR00205;
CSR00211;
CSR00213;
CSR00215;
CSR00228;
CSR00229;
CSR00239;
CSR00240;
CSR00241;
CSR00242;
CSR00244;
CSR00245;
CSR00247;
CSR00252;
CSR00254;
CSR00259;
CSR00261;
CSR00273;
CSR00275;
CSR00276;
CSR00278;
CSR00283;
CSR00286;
CSR00295;
CSR00307;
BL110306;
CSR00309;
CSR00316;
CSR00317;
CSR00321;
CSR00323;
CSR00329;
CSR00331;
CSR00333;
CSR00335;
BL130078;
BL130102;
CSR00336;
CSR00339;
CSR00343;
CSR00349;
CSR00350;
CSR00355;
CSR00357;
CSR00359;
CSR00362;
CSR00363;
CSR00364;
CSR00365;
CSR00366;
CSR00368;
CSR00369;
CSR00371;
CSR00372;
CSR00374;
CSR00377;
CSR00378;
CSR00379;
CSR00381;
CSR00389;
CSR00391;
CSR00399;
CSR00400;
CSR00401;
CSR00402;
CSR00403;
CSR00406;
CSR00407;
CSR00410;
CSR00413;
CSR00415;
CSR00416;
CSR00419;
CSR00420;
CSR00421;
CSR00422;
CSR00428;
CSR00432;
CSR00435;
CSR00438;
CSR00440;
CSR00441;
CSR00443;
CSR00444;
CSR00445;
CSR00446;
CSR00448;
CSR00451;
CSR00452;
CSR00453;
CSR00456;
CSR00457;
CSR00459;
CSR00463;
CSR00464;
CSR00465;
CSR00466;
CSR00471;
CSR00474;
CSR00475;
CSR00478;
CSR00479;
CSR00480;
CSR00486;
CSR00487;
CSR00488;
CSR00493;
CSR00496;
CSR00498;
CSR00501;
CSR00502;
CSR00511;
CSR00512;
CSR00513;
CSR00514;
CSR00518;
CSR00519;
CSR00521;
CSR00524;
CSR00525;
CSR00526;
CSR00527;
CSR00528;
CSR00529;
CSR00531;
CSR00532;
CSR00533;
CSR00535;
CSR00536;
CSR00538;
CSR00539;
CSR00540;
CSR00541;
CSR00542;
CSR00543;
CSR00547;
CSR00548;
CSR00549;
CSR00550;
CSR00554;
CSR00555;
CSR00556;
CSR00557;
CSR00558;
CSR00559;
CSR00561;
CSR00562;
CSR00563;
CSR00565;
CSR00566;
CSR00567;
CSR00568;
CSR00569;
CSR00570;
CSR00571;
CSR00572;
CSR00574;
CSR00575;
CSR00576;
CSR00577;
CSR00579;
CSR00580;
CSR00581;
CSR00582;
CSR00583;
CSR00585;
CSR00586;
CSR00587;
CSR00588;
CSR00589;
CSR00590;
CSR00591;
CSR00592;
CSR00595;
CSR00596;
CSR00597;
CSR00598;
CSR00599;
CSR00600;
CSR00601;
CSR00602;
CSR00603;
CSR00604;
CSR00605;
CSR00606;
CSR00607;
CSR00608;
CSR00609;
CSR00610;
CSR00611;
CSR00612;
CSR00613;
CSR00614;
CSR00615;
CSR00616;
CSR00617;
CSR00618;
CSR00619;
CSR00620;
CSR00621;
CSR00622;
CSR00624;
CSR00625;
CSR00626;
CSR00627;
CSR00628;
CSR00630;
CSR00631;
CSR00633;
CSR00634;
CSR00635;
CSR00637;
CSR00641;
CSR00642;
CSR00643;
CSR00644;
CSR00645;
CSR00646;
CSR00647;
CSR00648;
CSR00650;
CSR00651;
CSR00652;
CSR00653;
CSR00654;
CSR00655;
CSR00656;
CSR00657;
CSR00658;
CSR00659;
CSR00660;
CSR00661;
CSR00662;
CSR00663;
CSR00664;
CSR00665;
CSR00667;
CSR00668;
CSR00669;
CSR00670;
CSR00671;
CSR00672;
CSR00673;
CSR00674;
CSR00675;
CSR00676;
CSR00678;
CSR00679;
CSR00680;
CSR00681;
CSR00683;
CSR00684;
CSR00685;
CSR00686;
CSR00687;
CSR00688;
CSR00689;
CSR00691;
CSR00692;
CSR00693;
CSR00694;
CSR00695;
CSR00696;
CSR00697;
CSR00698;
CSR00700;
CSR00701;
CSR00703;
CSR00704;
CSR00705;
CSR00706;
CSR00707;
CSR00708;
CSR00709;
CSR00711;
CSR00713;
CSR00714;
CSR00715;
CSR00716;
CSR00717;
CSR00718;
CSR00719;
CSR00720;
CSR00721;
CSR00722;
CSR00723;
CSR00724;
CSR00726;
CSR00727;
CSR00728;
CSR00729;
CSR00730;
CSR00731;
CSR00732;
CSR00733;
CSR00734;
CSR00735;
CSR00737;
CSR00739;
CSR00741;
CSR00742;
CSR00743;
CSR00745;
CSR00746;
CSR00747;
CSR00748;
CSR00749;
CSR00750;
CSR00751;
CSR00752;
CSR00753;
CSR00754;
CSR00755;
CSR00756;
CSR00757;
CSR00758;
CSR00759;
CSR00762;
CSR00763;
CSR00771;
CSR00772;
CSR00773;
CSR00774;
CSR00775;
CSR00776;
CSR00777;
CSR00778;
CSR00779;
CSR00780;
CSR00781;
CSR00782;
CSR00783;
CSR00784;
CSR00785;
CSR00786;
CSR00787;
CSR00789;
CSR00790;
CSR00791;
CSR00792;
CSR00793;
CSR00794;
CSR00795;
CSR00796;
CSR00797;
CSR00798;
CSR00799;
CSR00801;
CSR00802;
CSR00803;
CSR00804;
CSR00805;
CSR00806;
CSR00807;
CSR00808;
CSR00809;
CSR00810;
CSR00811;
CSR00812;
CSR00813;
CSR00814;
CSR00815;
CSR00816;
CSR00817;
CSR00818;
CSR00819;
CSR00820;
CSR00821;
CSR00822;
CSR00823;
CSR00824;
CSR00825;
CSR00826;
CSR00827;
CSR00828;
CSR00829;
CSR00830;
CSR00831;
CSR00832;
CSR00833;
CSR00834;
CSR00835;
CSR00836;
CSR00837;
CSR00838;
CSR00839;
CSR00840;
CSR00841;
CSR00842;
CSR00844;
CSR00845;
CSR00851;
CSR00853;
CSR00854;
CSR00855;
CSR00857;
CSR00858;
CSR00859;
CSR00860;
CSR00862;
CSR00863;
CSR00864;
CSR00865;
CSR00866;
CSR00867;
CSR00868;
CSR00869;
CSR00870;
CSR00871;
CSR00872;
CSR00874;
CSR00875;
CSR00876;
CSR00877;
CSR00878;
CSR00879;
CSR00880;
CSR00881;
CSR00882;
CSR00883;
CSR00884;
CSR00885;
CSR00886;
CSR00888;
CSR00890;
CSR00891;
CSR00892;
CSR00893;
CSR00895;
CSR00896;
CSR00897;
CSR00899;
CSR00900;
CSR00901;
CSR00902;
CSR00903;
CSR00904;
CSR00905;
CSR00906;
CSR00907;
CSR00909;
CSR00910;
CSR00911;
CSR00912;
CSR00913;
CSR00914;
CSR00915;
CSR00916;
CSR00917;
CSR00918;
CSR00919;
CSR00920;
CSR00921;
CSR00922;
CSR00923;
CSR00924;
CSR00925;
CSR00926;
CSR00927;
CSR00928;
CSR00929;
CSR00930;
CSR00931;
CSR00932;
CSR00933;
CSR00934;
CSR00935;
CSR00936;
CSR00937;
CSR00938;
CSR00939;
CSR00940;
CSR00941;
CSR00942;
CSR00943;
CSR00944;
CSR00945;
CSR00946;
CSR00947;
CSR00948;
CSR00949;
CSR00950;
CSR00951;
CSR00952;
CSR00953;
CSR00954;
CSR00955;
CSR00956;
CSR00957;
CSR00958;
CSR00959;
CSR00960;
CSR00961;
CSR00962;
CSR00963;
CSR00964;
CSR00965;
CSR00966;
CSR00967;
CSR00968;
CSR00969;
CSR00970;
CSR00971;
CSR00972;
CSR00973;
CSR00974;
CSR00975;
CSR00976;
CSR00977;
CSR00978;
CSR00979;
CSR00980;
CSR00981;
CSR00982;
CSR00983;
CSR00984;
CSR00985;
CSR00986;
CSR00987;
CSR00988;
CSR00989;
CSR00990;
CSR00991;
CSR00992;
CSR00993;
CSR00994;
CSR00995;
CSR01025;
CSR00996;
CSR00997;
CSR00998;
CSR00999;
CSR01000;
CSR01001;
CSR01002;
CSR01003;
CSR01004;
CSR01005;
CSR01006;
CSR01007;
CSR01008;
CSR01009;
CSR01010;
CSR01011;
CSR01012;
CSR01013;
CSR01014;
CSR01015;
CSR01016;
CSR01017;
CSR01018;
CSR01019;
CSR01020;
CSR01021;
CSR01022;
CSR01023;
CSR01024;
CSR01026;
CSR01027;
CSR01028;
CSR01029;
CSR01030;
CSR01031;
CSR01032;
CSR01033;
CSR01034;
CSR01035;
CSR01036;
CSR01037;
CSR01038;
CSR01039;
CSR01040;
CSR01041;
CSR01042;
CSR01043;
CSR01044;
CSR01045;
CSR01046;
CSR01047;
CSR01048;
CSR01049;
CSR01050;
CSR01051;
CSR01052;
CSR01053;
CSR01054;
CSR01055;
CSR01056;
CSR01057;
CSR01058;
CSR01059;
CSR01060;
CSR01061;
CSR01062;
CSR01063;
CSR01064;
CSR01065;
CSR01066;
CSR01067;
CSR01068;
CSR01069;
CSR01070;
CSR01071;
CSR01072;
CSR01073;
CSR01074;
CSR01075;
CSR01076;
CSR01077;
CSR01078;
CSR01079;
CSR01080;
CSR01081;
CSR01082;
CSR01083;
CSS00001;
CSS00013;
CSS00014;
CSS00015;
CSS00016;
CSS00017;
CSS00020;
CSS00021;
CSS00023;
CSS00024;
CSS00025;
CSS00026;
CSS00027;
CSS00028;
CSS00029;
CSS00030;
CSS00032;
CSS00033;
CSS00034;
CSS00037;
CSS00040;
CSS00042;
CSS00043;
CSS00045;
CSS00046;
CSS00047;
CSS00119;
CSS00048;
CSS00049;
CSS00050;
CSS00052;
CSS00053;
CSS00054;
CSS00055;
CSS00056;
CSS00057;
CSS00059;
CSS00060;
CSS00061;
CSS00064;
CSS00066;
CSS00067;
CSS00068;
CSS00069;
CSS00070;
CSS00071;
CSS00072;
CSS00073;
CSS00186;
CSS00074;
CSS00075;
CSS00076;
CSS00078;
CSS00080;
CSS00081;
CSS00082;
CSS00083;
CSS00085;
CSS00086;
CSS00087;
CSS00089;
CSS00090;
CSS00092;
CSS00093;
CSS00094;
CSS00095;
CSS00098;
CSS00099;
CSS00102;
CSS00103;
CSS00105;
CSS00106;
CSS00107;
CSS00108;
CSS00110;
CSS00111;
CSS00113;
CSS00114;
CSS00115;
CSS00116;
CSS00117;
CSS00118;
CSS00120;
CSS00121;
CSS00122;
CSS00123;
CSS00124;
CSS00125;
CSS00126;
CSS00127;
CSS00128;
CSS00129;
CSS00130;
CSS00131;
CSS00132;
CSS00133;
CSS00134;
CSS00135;
CSS00136;
CSS00137;
CSS00138;
CSS00139;
CSS00140;
CSS00143;
CSS00144;
CSS00147;
CSS00148;
CSS00149;
CSS00150;
CSS00151;
CSS00152;
CSS00153;
CSS00154;
CSS00155;
CSS00156;
CSS00157;
CSS00158;
CSS00159;
CSS00162;
CSS00163;
CSS00165;
CSS00166;
CSS00167;
CSS00168;
CSS00170;
CSS00171;
CSS00172;
CSS00173;
CSS00174;
CSS00175;
CSS00176;
CSS00179;
CSS00180;
CSS00182;
CSS00183;
CSS00185;
CSS00187;
CSS00188;
CSS00189;
CSS00190;
CSS00191;
CSS00192;
CSS00194;
CSS00196;
CSS00197;
CSS00198;
CSS00199;
CSS00200;
CSS00201;
CSS00203;
CSS00204;
CSS00205;
CSS00206;
CSS00208;
CSS00211;
CSS00212;
CSS00227;
CSS00213;
CSS00214;
CSS00215;
CSS00216;
CSS00219;
CSS00220;
CSS00223;
CSS00224;
CSS00225;
CSS00226;
CSS00229;
CSS00230;
CSS00231;
CSS00232;
CSS00233;
CSS00234;
CSS00235;
CSS00236;
CSS00237;
CSS00238;
CSS00239;
CSS00240;
CSS00241;
CSS00242;
CSS00243;
CSS00244;
CSS00245;
CSS00246;
CSS00247;
CSS00248;
CSS00249;
CSS00250;
CSS00251;
CSS00252;
CSS00253;
CSS00254;
CSS00255;
CSS00256;
CSS00257;
CSS00258;
CSS00259;
CSS00260;
CSS00261;
CSS00262;
CSS00263;
CSS00264;
CSS00265;
CSS00266;
CSS00267;
CSS00268;
CSS00269;
CSS00270;
CSS00271;
CSS00272;
CSS00273;
CSS00274;
CSS00275;
CSS00276;
CSS00277;
CSS00278;
CSS00279;
CSS00280;
CSS00281;
CSS00282;
CSS00283;
CSS00284;
CSS00285;
CSS00286;
CSS00287;
CSS00288;
CSS00289;
CSS00290;
CSS00291;
CSS00292;
CSS00293;
CSS00294;
CSS00295;
CSS00296;
CSS00297;
CSS00298;
CSS00299;
CSS00300;
CSS00301;
CSS00302;
CSS00303;
CSS00314;
CSS00304;
CSS00305;
CSS00306;
CSS00307;
CSS00308;
CSS00309;
CSS00310;
CSS00311;
CSS00312;
CSS00313;
CSS00315;
CSS00316;
CSS00317;
CSS00318;
CSS00319;
CSS00320;
CSS00321;
CSS00322;
CSS00323;
CSS00324;
CSS00338;
CSS00325;
CSS00326;
CSS00327;
CSS00328;
CSS00330;
CSS00331;
CSS00332;
CSS00333;
CSS00334;
CSS00335;
CSS00336;
CSS00337;
CSS00339;
CSS00340;
CSS00341;
